{"cameraMode":{"drawMode":0,"name":"Shaded","section":"Shading Mode"},"sceneLighting":true,"audioPlay":false,"sceneViewState":{"showFog":true,"showMaterialUpdate":false,"showSkybox":true,"showFlares":true,"showImageEffects":true,"showParticleSystems":true},"in2DMode":false,"pivot":{"x":-9.84544563293457,"y":-3.042663097381592,"z":-11.140604019165039},"rotation":{"x":-0.044595640152692798,"y":0.9216944575309753,"z":-0.11142682284116745,"w":-0.36888387799263},"size":11.319506645202637,"orthographic":false}